"exercise_slug","exercise_name","workout_location","muscle_category","equipment_groups"
"kneeling-lateral-raise-alternating-db-or-kb","Kneeling Lateral Raise — Alternating (Db Or Kb)","home","Shoulders","{'groups': [['dumbbells', 'kettlebells']]}"
"kneeling-lateral-raise-unilateral-db-or-kb","Kneeling Lateral Raise — Unilateral (Db Or Kb)","home","Shoulders","{'groups': [['dumbbells', 'kettlebells']]}"
"kneeling-lateral-raise-db-or-kb","Kneeling Lateral Raise (Db Or Kb)","home","Shoulders","{'groups': [['dumbbells', 'kettlebells']]}"
"sitting-on-the-floor-alternating-overhead-press-db-or-kb","Sitting On The Floor — Alternating Overhead Press (Db Or Kb)","home","Shoulders","{'groups': [['dumbbells', 'kettlebells']]}"
"sitting-on-the-floor-alternating-overhead-press-neutral-grip-kb-or-db","Sitting On The Floor — Alternating Overhead Press, Neutral Grip (Kb Or Db)","home","Shoulders","{'groups': [['dumbbells', 'kettlebells']]}"
"sitting-on-the-floor-arnold-press-kb-or-db","Sitting On The Floor — Arnold Press (Kb Or Db)","home","Shoulders","{'groups': [['dumbbells', 'kettlebells']]}"
"sitting-on-the-floor-overhead-press-db-or-kb","Sitting On The Floor — Overhead Press (Db Or Kb)","home","Shoulders","{'groups': [['dumbbells', 'kettlebells']]}"
"sitting-on-the-floor-overhead-press-neutral-grip-kb-or-db","Sitting On The Floor — Overhead Press, Neutral Grip (Kb Or Db)","home","Shoulders","{'groups': [['dumbbells', 'kettlebells']]}"
"sitting-on-the-floor-unilateral-overhead-press-kb-or-db","Sitting On The Floor — Unilateral Overhead Press (Kb Or Db)","home","Shoulders","{'groups': [['dumbbells', 'kettlebells']]}"
"sitting-on-the-floor-unilateral-overhead-press-neutral-grip-kb-or-db","Sitting On The Floor — Unilateral Overhead Press, Neutral Grip (Kb Or Db)","home","Shoulders","{'groups': [['dumbbells', 'kettlebells']]}"
"standing-alternating-overhead-press-neutral-grip-kb-or-db","Standing Alternating Overhead Press — Neutral Grip (Kb Or Db)","home","Shoulders","{'groups': [['dumbbells', 'kettlebells']]}"
"standing-alternating-overhead-press-kb-or-db","Standing Alternating Overhead Press (Kb Or Db)","home","Shoulders","{'groups': [['dumbbells', 'kettlebells']]}"
"standing-arnold-press-kb-or-db","Standing Arnold Press (Kb Or Db)","home","Shoulders","{'groups': [['dumbbells', 'kettlebells']]}"
"standing-lateral-raise-alternating-db-or-kb","Standing Lateral Raise — Alternating (Db Or Kb)","home","Shoulders","{'groups': [['dumbbells', 'kettlebells']]}"
"standing-lateral-raise-unilateral-db-or-kb","Standing Lateral Raise — Unilateral (Db Or Kb)","home","Shoulders","{'groups': [['dumbbells', 'kettlebells']]}"
"standing-lateral-raise-db-or-kb","Standing Lateral Raise (Db Or Kb)","home","Shoulders","{'groups': [['dumbbells', 'kettlebells']]}"
"standing-overhead-press-neutral-grip-kb-or-db","Standing Overhead Press — Neutral Grip (Kb Or Db)","home","Shoulders","{'groups': [['dumbbells', 'kettlebells']]}"
"standing-overhead-press-kb-or-db","Standing Overhead Press (Kb Or Db)","home","Shoulders","{'groups': [['dumbbells', 'kettlebells']]}"
"standing-unilateral-overhead-press-neutral-grip-kb-or-db","Standing Unilateral Overhead Press — Neutral Grip (Kb Or Db)","home","Shoulders","{'groups': [['dumbbells', 'kettlebells']]}"
"standing-unilateral-overhead-press-kb-or-db","Standing Unilateral Overhead Press (Kb Or Db)","home","Shoulders","{'groups': [['dumbbells', 'kettlebells']]}"
"alternating-seated-overhead-press-tempo-ecc","Alternating Seated Overhead Press, Tempo (Ecc.)","home","Shoulders","{'groups': [['dumbbells', 'kettlebells']]}"
"alternating-seated-overhead-press","Alternating Seated Overhead Press","home","Shoulders","{'groups': [['dumbbells', 'kettlebells']]}"
"anchored-shoulder-press","Anchored Shoulder Press","home","Shoulders","{'groups': [['suspension-trainer']]}"
"banded-kneeling-alternating-overhead-press-neutral-grip","Banded Kneeling Alternating Overhead Press — Neutral Grip","home","Shoulders","{'groups': [['resistance-band']]}"
"banded-kneeling-alternating-overhead-press","Banded Kneeling Alternating Overhead Press","home","Shoulders","{'groups': [['resistance-band']]}"
"banded-kneeling-arnold-press","Banded Kneeling Arnold Press","home","Shoulders","{'groups': [['resistance-band']]}"
"banded-kneeling-overhead-press-neutral-grip","Banded Kneeling Overhead Press — Neutral Grip","home","Shoulders","{'groups': [['resistance-band']]}"
"banded-kneeling-overhead-press","Banded Kneeling Overhead Press","home","Shoulders","{'groups': [['resistance-band']]}"
"banded-kneeling-unilateral-overhead-press-neutral-grip","Banded Kneeling Unilateral Overhead Press — Neutral Grip","home","Shoulders","{'groups': [['resistance-band']]}"
"banded-kneeling-unilateral-overhead-press","Banded Kneeling Unilateral Overhead Press","home","Shoulders","{'groups': [['resistance-band']]}"
"banded-sitting-on-the-floor-alternating-overhead-press-neutral-grip","Banded Sitting-On-The-Floor Alternating Overhead Press — Neutral Grip","home","Shoulders","{'groups': [['resistance-band']]}"
"banded-sitting-on-the-floor-alternating-overhead-press","Banded Sitting-On-The-Floor Alternating Overhead Press","home","Shoulders","{'groups': [['resistance-band']]}"
"banded-sitting-on-the-floor-arnold-press","Banded Sitting-On-The-Floor Arnold Press","home","Shoulders","{'groups': [['resistance-band']]}"
"banded-sitting-on-the-floor-overhead-press-neutral-grip","Banded Sitting-On-The-Floor Overhead Press — Neutral Grip","home","Shoulders","{'groups': [['resistance-band']]}"
"banded-sitting-on-the-floor-overhead-press","Banded Sitting-On-The-Floor Overhead Press","home","Shoulders","{'groups': [['resistance-band']]}"
"banded-sitting-on-the-floor-unilateral-overhead-press-neutral-grip","Banded Sitting-On-The-Floor Unilateral Overhead Press — Neutral Grip","home","Shoulders","{'groups': [['resistance-band']]}"
"banded-sitting-on-the-floor-unilateral-overhead-press","Banded Sitting-On-The-Floor Unilateral Overhead Press","home","Shoulders","{'groups': [['resistance-band']]}"
"banded-standing-alternating-overhead-press-neutral-grip","Banded Standing Alternating Overhead Press — Neutral Grip","home","Shoulders","{'groups': [['resistance-band']]}"
"banded-standing-alternating-overhead-press","Banded Standing Alternating Overhead Press","home","Shoulders","{'groups': [['resistance-band']]}"
"banded-standing-arnold-press","Banded Standing Arnold Press","home","Shoulders","{'groups': [['resistance-band']]}"
"banded-standing-overhead-press-neutral-grip","Banded Standing Overhead Press — Neutral Grip","home","Shoulders","{'groups': [['resistance-band']]}"
"banded-standing-overhead-press","Banded Standing Overhead Press","home","Shoulders","{'groups': [['resistance-band']]}"
"lateral-raise-anchored","Lateral Raise — Anchored","home","Shoulders","{'groups': [['suspension-trainer']]}"
"pike-shoulder-press","Pike Shoulder Press","home","Shoulders","{'groups': [['body-weight']]}"
"seated-alternating-lateral-raise","Seated Alternating Lateral Raise","home","Shoulders","{'groups': [['dumbbells', 'kettlebells'], ['chair', 'bench']]}"
"seated-arnold-press","Seated Arnold Press","home","Shoulders","{'groups': [['dumbbells', 'kettlebells'], ['chair', 'bench']]}"
"seated-lateral-raise","Seated Lateral Raise","home","Shoulders","{'groups': [['dumbbells', 'kettlebells'], ['chair', 'bench']]}"
"seated-overhead-press","Seated Overhead Press","home","Shoulders","{'groups': [['dumbbells', 'kettlebells'], ['chair', 'bench']]}"
"seated-overhead-press-tempo-ecc","Seated Overhead Press, Tempo (Ecc.)","home","Shoulders","{'groups': [['dumbbells', 'kettlebells'], ['chair', 'bench']]}"
"unilateral-seated-overhead-press-tempo-ecc","Unilateral Seated Overhead Press, Tempo (Ecc.)","home","Shoulders","{'groups': [['dumbbells', 'kettlebells'], ['chair', 'bench']]}"
"unilateral-seated-overhead-press","Unilateral Seated Overhead Press","home","Shoulders","{'groups': [['dumbbells', 'kettlebells'], ['chair', 'bench']]}"
"unilateral-seated-overhead-press","Unilateral Seated Overhead Press","home","Shoulders","{'groups': [['dumbbells', 'kettlebells'], ['chair', 'bench']]}"
"banded-standing-unilateral-overhead-press-neutral-grip","Banded Standing Unilateral Overhead Press — Neutral Grip","home","Shoulders","{'groups': [['resistance-band']]}"
"banded-standing-unilateral-overhead-press","Banded Standing Unilateral Overhead Press","home","Shoulders","{'groups': [['resistance-band']]}"
"kneeling-alternating-front-raise-db-or-kb","Kneeling Alternating Front Raise (Db Or Kb)","home","Shoulders","{'groups': [['dumbbells', 'kettlebells']]}"
"kneeling-front-raise-db-or-kb","Kneeling Front Raise (Db Or Kb)","home","Shoulders","{'groups': [['dumbbells', 'kettlebells']]}"
"sitting-on-the-floor-alternating-front-press-db-or-kb","Sitting On The Floor — Alternating Front Press (Db Or Kb)","home","Shoulders","{'groups': [['dumbbells', 'kettlebells']]}"
"sitting-on-the-floor-front-press-db-or-kb","Sitting On The Floor — Front Press (Db Or Kb)","home","Shoulders","{'groups': [['dumbbells', 'kettlebells']]}"
"standing-alternating-front-press-db-or-kb","Standing Alternating Front Press (Db Or Kb)","home","Shoulders","{'groups': [['dumbbells', 'kettlebells']]}"
"standing-alternating-front-raise-db-or-kb","Standing Alternating Front Raise (Db Or Kb)","home","Shoulders","{'groups': [['dumbbells', 'kettlebells']]}"
"standing-front-press-db-or-kb","Standing Front Press (Db Or Kb)","home","Shoulders","{'groups': [['dumbbells', 'kettlebells']]}"
"standing-front-raise-db-or-kb","Standing Front Raise (Db Or Kb)","home","Shoulders","{'groups': [['dumbbells', 'kettlebells']]}"
"alternating-seated-front-press","Alternating Seated Front Press","home","Shoulders","{'groups': [['dumbbells', 'kettlebells'], ['chair', 'bench']]}"
"alternating-seated-neutral-press-tempo-ecc","Alternating Seated Neutral Press, Tempo (Ecc.)","home","Shoulders","{'groups': [['dumbbells', 'kettlebells'], ['chair', 'bench']]}"
"alternating-seated-neutral-press","Alternating Seated Neutral Press","home","Shoulders","{'groups': [['dumbbells', 'kettlebells'], ['chair', 'bench']]}"
"anchored-front-raise","Anchored Front Raise","home","Shoulders","{'groups': [['suspension-trainer']]}"
"banded-kneeling-alternating-front-press","Banded Kneeling Alternating Front Press","home","Shoulders","{'groups': [['resistance-band']]}"
"banded-kneeling-front-press","Banded Kneeling Front Press","home","Shoulders","{'groups': [['resistance-band']]}"
"banded-sitting-on-the-floor-alternating-front-press","Banded Sitting-On-The-Floor Alternating Front Press","home","Shoulders","{'groups': [['resistance-band']]}"
"banded-sitting-on-the-floor-front-press","Banded Sitting-On-The-Floor Front Press","home","Shoulders","{'groups': [['resistance-band']]}"
"banded-standing-alternating-front-press","Banded Standing Alternating Front Press","home","Shoulders","{'groups': [['resistance-band']]}"
"banded-standing-front-press","Banded Standing Front Press","home","Shoulders","{'groups': [['resistance-band']]}"
"seated-alternating-front-raise","Seated Alternating Front Raise","home","Shoulders","{'groups': [['dumbbells', 'kettlebells'], ['chair', 'bench']]}"
"seated-front-press","Seated Front Press","home","Shoulders","{'groups': [['dumbbells', 'kettlebells'], ['chair', 'bench']]}"
"seated-front-raise","Seated Front Raise","home","Shoulders","{'groups': [['dumbbells', 'kettlebells'], ['chair', 'bench']]}"
"seated-neutral-press-tempo-ecc","Seated Neutral Press — Tempo (Ecc.)","home","Shoulders","{'groups': [['dumbbells', 'kettlebells'], ['chair', 'bench']]}"
"seated-neutral-press","Seated Neutral Press","home","Shoulders","{'groups': [['dumbbells', 'kettlebells'], ['chair', 'bench']]}"
"seated-unilateral-front-raise","Seated Unilateral Front Raise","home","Shoulders","{'groups': [['dumbbells', 'kettlebells'], ['chair', 'bench']]}"
"banded-kneeling-unilateral-front-press","Banded Kneeling Unilateral Front Press","home","Shoulders","{'groups': [['resistance-band']]}"
"banded-sitting-on-the-floor-unilateral-front-press","Banded Sitting-On-The-Floor Unilateral Front Press","home","Shoulders","{'groups': [['resistance-band']]}"
"sitting-on-the-floor-unilateral-front-press-kb-or-db","Sitting On The Floor — Unilateral Front Press (Kb Or Db)","home","Shoulders","{'groups': [['dumbbells', 'kettlebells']]}"
"standing-unilateral-front-press-db-or-kb","Standing Unilateral Front Press (Db Or Kb)","home","Shoulders","{'groups': [['dumbbells', 'kettlebells']]}"
"pike-push-ups","Pike Push-Ups","home","Shoulders","{'groups': [['body-weight']]}"
"banded-standing-unilateral-front-press","Banded Standing Unilateral Front Press","home","Shoulders","{'groups': [['resistance-band']]}"
"unilateral-seated-front-press-2","Unilateral Seated Front Press (2)","home","Shoulders","{'groups': [['dumbbells', 'kettlebells'], ['chair', 'bench']]}"
"unilateral-seated-neutral-press-tempo-ecc","Unilateral Seated Neutral Press, Tempo (Ecc.)","home","Shoulders","{'groups': [['dumbbells', 'kettlebells'], ['chair', 'bench']]}"
"unilateral-seated-neutral-press","Unilateral Seated Neutral Press","home","Shoulders","{'groups': [['dumbbells', 'kettlebells'], ['chair', 'bench']]}"
"door-frame-body-curls","Door-Frame Body Curls","home","Arms","{'groups': [['door-frame']]}"
"neutral-grip-preacher-curl-db-or-kb","Neutral-Grip Preacher Curl (Db Or Kb)","home","Arms","{'groups': [['dumbbells', 'kettlebells']]}"
"preacher-curl-db-or-kb","Preacher Curl (Db Or Kb)","home","Arms","{'groups': [['dumbbells', 'kettlebells']]}"
"seated-chair-alternating-biceps-curls-db-or-kb","Seated (Chair) Alternating Biceps Curls (Db Or Kb)","home","Arms","{'groups': [['dumbbells', 'kettlebells'], ['chair', 'bench']]}"
"seated-chair-biceps-curls-db-or-kb","Seated (Chair) Biceps Curls (Db Or Kb)","home","Arms","{'groups': [['dumbbells', 'kettlebells'], ['chair', 'bench']]}"
"seated-chair-neutral-grip-alternating-biceps-curls-db-or-kb","Seated (Chair) Neutral-Grip Alternating Biceps Curls (Db Or Kb)","home","Arms","{'groups': [['dumbbells', 'kettlebells'], ['chair', 'bench']]}"
"seated-chair-neutral-grip-biceps-curls-db-or-kb","Seated (Chair) Neutral-Grip Biceps Curls (Db Or Kb)","home","Arms","{'groups': [['dumbbells', 'kettlebells'], ['chair', 'bench']]}"
"seated-chair-neutral-grip-unilateral-biceps-curls-db-or-kb","Seated (Chair) Neutral-Grip Unilateral Biceps Curls (Db Or Kb)","home","Arms","{'groups': [['dumbbells', 'kettlebells'], ['chair', 'bench']]}"
"seated-chair-pronated-alternating-biceps-curls-db-or-kb","Seated (Chair) Pronated Alternating Biceps Curls (Db Or Kb)","home","Arms","{'groups': [['dumbbells', 'kettlebells'], ['chair', 'bench']]}"
"seated-chair-pronated-biceps-curls-db-or-kb","Seated (Chair) Pronated Biceps Curls (Db Or Kb)","home","Arms","{'groups': [['dumbbells', 'kettlebells'], ['chair', 'bench']]}"
"seated-chair-pronated-unilateral-biceps-curls-db-or-kb","Seated (Chair) Pronated Unilateral Biceps Curls (Db Or Kb)","home","Arms","{'groups': [['dumbbells', 'kettlebells'], ['chair', 'bench']]}"
"seated-chair-supinated-alternating-biceps-curls-db-or-kb","Seated (Chair) Supinated Alternating Biceps Curls (Db Or Kb)","home","Arms","{'groups': [['dumbbells', 'kettlebells'], ['chair', 'bench']]}"
"seated-chair-supinated-biceps-curls-db-or-kb","Seated (Chair) Supinated Biceps Curls (Db Or Kb)","home","Arms","{'groups': [['dumbbells', 'kettlebells'], ['chair', 'bench']]}"
"seated-chair-supinated-unilateral-biceps-curls-db-or-kb","Seated (Chair) Supinated Unilateral Biceps Curls (Db Or Kb)","home","Arms","{'groups': [['dumbbells', 'kettlebells'], ['chair', 'bench']]}"
"seated-chair-unilateral-biceps-curls-db-or-kb","Seated (Chair) Unilateral Biceps Curls (Db Or Kb)","home","Arms","{'groups': [['dumbbells', 'kettlebells'], ['chair', 'bench']]}"
"standing-alternating-biceps-curls-db-or-kb","Standing Alternating Biceps Curls (Db Or Kb)","home","Arms","{'groups': [['dumbbells', 'kettlebells']]}"
"standing-biceps-curls-extremely-slow-eccentric-using-household-items","Standing Biceps Curls — Extremely Slow Eccentric (Using Household Items)","home","Arms","{'groups': [['filled-bag']]}"
"standing-biceps-curls-db-or-kb","Standing Biceps Curls (Db Or Kb)","home","Arms","{'groups': [['dumbbells', 'kettlebells']]}"
"standing-neutral-grip-alternating-biceps-curls-db-or-kb","Standing Neutral-Grip Alternating Biceps Curls (Db Or Kb)","home","Arms","{'groups': [['dumbbells', 'kettlebells']]}"
"standing-neutral-grip-biceps-curls-extremely-slow-eccentric-using-household-items","Standing Neutral-Grip Biceps Curls — Extremely Slow Eccentric (Using Household Items)","home","Arms","{'groups': [['filled-bag']]}"
"standing-neutral-grip-biceps-curls-db-or-kb","Standing Neutral-Grip Biceps Curls (Db Or Kb)","home","Arms","{'groups': [['dumbbells', 'kettlebells']]}"
"standing-neutral-grip-unilateral-biceps-curls-db-or-kb","Standing Neutral-Grip Unilateral Biceps Curls (Db Or Kb)","home","Arms","{'groups': [['dumbbells', 'kettlebells']]}"
"standing-neutral-grip-unilateral-biceps-curls-fill-a-bag-with-something","Standing Neutral-Grip Unilateral Biceps Curls (Fill A Bag With Something)","home","Arms","{'groups': [['filled-bag']]}"
"standing-pronated-alternating-biceps-curls-db-or-kb","Standing Pronated Alternating Biceps Curls (Db Or Kb)","home","Arms","{'groups': [['dumbbells', 'kettlebells']]}"
"standing-pronated-biceps-curls-extremely-slow-eccentric-using-household-items","Standing Pronated Biceps Curls — Extremely Slow Eccentric (Using Household Items)","home","Arms","{'groups': [['filled-bag']]}"
"standing-pronated-biceps-curls-db-or-kb","Standing Pronated Biceps Curls (Db Or Kb)","home","Arms","{'groups': [['dumbbells', 'kettlebells']]}"
"standing-pronated-unilateral-biceps-curls-db-or-kb","Standing Pronated Unilateral Biceps Curls (Db Or Kb)","home","Arms","{'groups': [['dumbbells', 'kettlebells']]}"
"standing-pronated-unilateral-biceps-curls-fill-a-bag-with-something","Standing Pronated Unilateral Biceps Curls (Fill A Bag With Something)","home","Arms","{'groups': [['filled-bag']]}"
"standing-supinated-alternating-biceps-curls-db-or-kb","Standing Supinated Alternating Biceps Curls (Db Or Kb)","home","Arms","{'groups': [['dumbbells', 'kettlebells']]}"
"standing-supinated-biceps-curls-extremely-slow-eccentric-using-household-items","Standing Supinated Biceps Curls — Extremely Slow Eccentric (Using Household Items)","home","Arms","{'groups': [['filled-bag']]}"
"standing-supinated-biceps-curls-db-or-kb","Standing Supinated Biceps Curls (Db Or Kb)","home","Arms","{'groups': [['dumbbells', 'kettlebells']]}"
"standing-supinated-unilateral-biceps-curls-db-or-kb","Standing Supinated Unilateral Biceps Curls (Db Or Kb)","home","Arms","{'groups': [['dumbbells', 'kettlebells']]}"
"standing-supinated-unilateral-biceps-curls-fill-a-bag-with-something","Standing Supinated Unilateral Biceps Curls (Fill A Bag With Something)","home","Arms","{'groups': [['filled-bag']]}"
"standing-unilateral-biceps-curls-db-or-kb","Standing Unilateral Biceps Curls (Db Or Kb)","home","Arms","{'groups': [['dumbbells', 'kettlebells']]}"
"standing-unilateral-biceps-curls-fill-a-bag-with-something","Standing Unilateral Biceps Curls (Fill A Bag With Something)","home","Arms","{'groups': [['filled-bag']]}"
"anchored-biceps-curl","Anchored Biceps Curl","home","Arms","{'groups': [['suspension-trainer']]}"
"anchored-drag-curl","Anchored Drag Curl","home","Arms","{'groups': [['suspension-trainer']]}"
"banded-standing-alternating-biceps-curls","Banded Standing Alternating Biceps Curls","home","Arms","{'groups': [['resistance-band']]}"
"banded-standing-biceps-curls","Banded Standing Biceps Curls","home","Arms","{'groups': [['resistance-band']]}"
"banded-standing-neutral-grip-biceps-curls","Banded Standing Neutral-Grip Biceps Curls","home","Arms","{'groups': [['resistance-band']]}"
"banded-standing-neutral-grip-unilateral-biceps-curls","Banded Standing Neutral-Grip Unilateral Biceps Curls","home","Arms","{'groups': [['resistance-band']]}"
"banded-standing-pronated-alternating-biceps-curls","Banded Standing Pronated Alternating Biceps Curls","home","Arms","{'groups': [['resistance-band']]}"
"neutral-grip-preacher-curl-db","Neutral-Grip Preacher Curl (Db)","home","Arms","{'groups': [['dumbbell'], ['chair', 'bench']]}"
"preacher-curl-db-or-kb","Preacher Curl (Db Or Kb)","home","Arms","{'groups': [['dumbbells', 'kettlebells'], ['chair', 'bench']]}"
"seated-alternating-biceps-curls-neutral-grip","Seated Alternating Biceps Curls , Neutral Grip","home","Arms","{'groups': [['dumbbell'], ['chair', 'bench']]}"
"seated-alternating-biceps-curls-overhand-grip","Seated Alternating Biceps Curls , Overhand Grip","home","Arms","{'groups': [['dumbbells', 'kettlebells'], ['chair', 'bench']]}"
"seated-alternating-biceps-curls-underhand-grip","Seated Alternating Biceps Curls , Underhand Grip","home","Arms","{'groups': [['dumbbells', 'kettlebells'], ['chair', 'bench']]}"
"seated-biceps-curls-neutral-grip","Seated Biceps Curls , Neutral Grip","home","Arms","{'groups': [['dumbbell'], ['chair', 'bench']]}"
"seated-biceps-curls-overhand-grip","Seated Biceps Curls , Overhand Grip","home","Arms","{'groups': [['dumbbells', 'kettlebells'], ['chair', 'bench']]}"
"seated-biceps-curls-underhand-grip","Seated Biceps Curls , Underhand Grip","home","Arms","{'groups': [['dumbbells', 'kettlebells'], ['chair', 'bench']]}"
"seated-unilateral-biceps-curls-neutral-grip","Seated Unilateral Biceps Curls , Neutral Grip","home","Arms","{'groups': [['dumbbell'], ['chair', 'bench']]}"
"seated-unilateral-biceps-curls-underhand-grip","Seated Unilateral Biceps Curls , Underhand Grip","home","Arms","{'groups': [['dumbbells', 'kettlebells'], ['chair', 'bench']]}"
"seated-unilateral-biceps-curls","Seated Unilateral Biceps Curls","home","Arms","{'groups': [['dumbbells', 'kettlebells'], ['chair', 'bench']]}"
"single-arm-reverse-grip-curl","Single-Arm Reverse-Grip Curl","home","Arms","{'groups': [['dumbbells', 'kettlebells']]}"
"trx-biceps-curl","Trx Biceps Curl","home","Arms","{'groups': [['suspension-trainer']]}"
"trx-reverse-biceps-curl","Trx Reverse Biceps Curl","home","Arms","{'groups': [['suspension-trainer']]}"
"trx-single-arm-biceps-curl","Trx Single-Arm Biceps Curl","home","Arms","{'groups': [['suspension-trainer']]}"
"seated-alternating-biceps-curls","Seated Alternating Biceps Curls","home","Arms","{'groups': [['dumbbells', 'kettlebells'], ['chair', 'bench']]}"
"seated-biceps-curls","Seated Biceps Curls","home","Arms","{'groups': [['dumbbells', 'kettlebells'], ['chair', 'bench']]}"
"seated-biceps-curls-overhand-grip","Seated Biceps Curls , Overhand Grip","home","Arms","{'groups': [['dumbbells', 'kettlebells'], ['chair', 'bench']]}"
"banded-standing-pronated-biceps-curls","Banded Standing Pronated Biceps Curls","home","Arms","{'groups': [['resistance-band']]}"
"banded-standing-pronated-unilateral-biceps-curls","Banded Standing Pronated Unilateral Biceps Curls","home","Arms","{'groups': [['resistance-band']]}"
"banded-standing-supinated-alternating-biceps-curls","Banded Standing Supinated Alternating Biceps Curls","home","Arms","{'groups': [['resistance-band']]}"
"banded-standing-supinated-biceps-curls","Banded Standing Supinated Biceps Curls","home","Arms","{'groups': [['resistance-band']]}"
"banded-standing-supinated-unilateral-biceps-curls","Banded Standing Supinated Unilateral Biceps Curls","home","Arms","{'groups': [['resistance-band']]}"
"banded-standing-unilateral-biceps-curls","Banded Standing Unilateral Biceps Curls","home","Arms","{'groups': [['resistance-band']]}"
"banded-triceps-extensions-band-anchored-in-a-door-or-to-a-pull-up-bar","Banded Triceps Extensions (Band Anchored In A Door Or To A Pull-Up Bar)","home","Arms","{'groups': [['resistance-band']]}"
"banded-unilateral-triceps-extensions-band-anchored-in-a-door-or-to-a-pull-up-bar","Banded Unilateral Triceps Extensions (Band Anchored In A Door Or To A Pull-Up Bar)","home","Arms","{'groups': [['resistance-band']]}"
"chest-tap-curl","Chest-Tap Curl","home","Arms","{'groups': [['suspension-trainer']]}"
"cross-body-biceps-curl","Cross-Body Biceps Curl","home","Arms","{'groups': [['suspension-trainer']]}"
"skull-crusher-kb-or-db","Skull Crusher (Kb Or Db)","home","Arms","{'groups': [['dumbbells', 'kettlebells']]}"
"alternating-skull-crusher-kb-or-db","Alternating Skull Crusher (Kb Or Db)","home","Arms","{'groups': [['dumbbells', 'kettlebells']]}"
"lying-on-the-floor-alternating-skull-crusher-kb-or-db","Lying On The Floor — Alternating Skull Crusher (Kb Or Db)","home","Arms","{'groups': [['dumbbells', 'kettlebells']]}"
"lying-on-the-floor-skull-crusher-kb-or-db","Lying On The Floor — Skull Crusher (Kb Or Db)","home","Arms","{'groups': [['dumbbells', 'kettlebells']]}"
"lying-on-the-floor-unilateral-skull-crusher-kb-or-db","Lying On The Floor — Unilateral Skull Crusher (Kb Or Db)","home","Arms","{'groups': [['dumbbells', 'kettlebells']]}"
"unilateral-skull-crusher-kb-or-db","Unilateral Skull Crusher (Kb Or Db)","home","Arms","{'groups': [['dumbbells', 'kettlebells']]}"
"chair-couch-dips","Chair-Couch Dips","home","Arms","{'groups': [['chair', 'bench']]}"
"floor-press-alternating-db-or-kb","Floor Press — Alternating (Db Or Kb)","home","Chest","{'groups': [['dumbbells', 'kettlebells']]}"
"floor-press-alternating-tempo-x-s-db-or-kb","Floor Press — Alternating, Tempo X S (Db Or Kb)","home","Chest","{'groups': [['dumbbells', 'kettlebells']]}"
"floor-press-tempo-x-s-db-or-kb","Floor Press — Tempo X S (Db Or Kb)","home","Chest","{'groups': [['dumbbells', 'kettlebells']]}"
"floor-press-db-or-kb","Floor Press (Db Or Kb)","home","Chest","{'groups': [['dumbbells', 'kettlebells']]}"
"lying-on-the-floor-alternating-close-grip-db-or-kb-press","Lying On The Floor — Alternating Close-Grip (Db Or Kb) Press","home","Chest","{'groups': [['dumbbells', 'kettlebells']]}"
"lying-on-the-floor-close-grip-db-or-kb-press","Lying On The Floor — Close-Grip (Db Or Kb) Press","home","Chest","{'groups': [['dumbbells', 'kettlebells']]}"
"close-grip-press-db-or-kb","Close-Grip Press (Db Or Kb)","home","Chest","{'groups': [['dumbbells', 'kettlebells'], ['chair', 'bench']]}"
"alternating-close-grip-press-db-or-kb","Alternating Close-Grip Press (Db Or Kb)","home","Chest","{'groups': [['dumbbells', 'kettlebells'], ['chair', 'bench']]}"
"db-narrow-push-ups-legs-elevated","Db Narrow Push-Ups — Legs Elevated","home","Chest","{'groups': [['dumbbell'], ['chair', 'bench']]}"
"db-narrow-push-ups","Db Narrow Push-Ups","home","Chest","{'groups': [['dumbbell']]}"
"db-push-ups-legs-elevated","Db Push-Ups — Legs Elevated","home","Chest","{'groups': [['dumbbell'], ['chair', 'bench']]}"
"db-push-ups-neutral-grip-legs-elevated","Db Push-Ups — Neutral Grip, Legs Elevated","home","Chest","{'groups': [['dumbbell'], ['chair', 'bench']]}"
"db-push-ups-neutral-grip","Db Push-Ups — Neutral Grip","home","Chest","{'groups': [['dumbbell']]}"
"db-push-ups","Db Push-Ups","home","Chest","{'groups': [['dumbbell']]}"
"diamond-push-ups-hands-elevated","Diamond Push-Ups — Hands Elevated","home","Chest","{'groups': [['chair', 'bench']]}"
"diamond-push-ups-legs-elevated","Diamond Push-Ups — Legs Elevated","home","Chest","{'groups': [['chair', 'bench']]}"
"diamond-push-ups-tempo","Diamond Push-Ups — Tempo","home","Chest","{'groups': [['body-weight']]}"
"diamond-push-ups-with-pulse","Diamond Push-Ups With Pulse","home","Chest","{'groups': [['body-weight']]}"
"diamond-push-ups","Diamond Push-Ups","home","Chest","{'groups': [['body-weight']]}"
"floor-fly-unilateral-db-or-kb","Floor Fly — Unilateral (Db Or Kb)","home","Chest","{'groups': [['dumbbells', 'kettlebells']]}"
"floor-fly-db-or-kb","Floor Fly (Db Or Kb)","home","Chest","{'groups': [['dumbbells', 'kettlebells']]}"
"narrow-push-ups-hands-elevated","Narrow Push-Ups — Hands Elevated","home","Chest","{'groups': [['chair', 'bench']]}"
"narrow-push-ups-legs-elevated","Narrow Push-Ups — Legs Elevated","home","Chest","{'groups': [['chair', 'bench']]}"
"narrow-push-ups-tempo","Narrow Push-Ups — Tempo","home","Chest","{'groups': [['body-weight']]}"
"narrow-push-ups-with-pulse","Narrow Push-Ups With Pulse","home","Chest","{'groups': [['body-weight']]}"
"narrow-push-ups","Narrow Push-Ups","home","Chest","{'groups': [['body-weight']]}"
"push-ups-hands-elevated","Push-Ups — Hands Elevated","home","Chest","{'groups': [['bench']]}"
"push-ups-legs-elevated","Push-Ups — Legs Elevated","home","Chest","{'groups': [['chair', 'bench']]}"
"push-ups-tempo","Push-Ups — Tempo","home","Chest","{'groups': [['body-weight']]}"
"push-ups-with-pulse","Push-Ups With Pulse","home","Chest","{'groups': [['body-weight']]}"
"wide-push-ups","Wide Push-Ups","home","Chest","{'groups': [['body-weight']]}"
"banded-diamond-push-ups-legs-elevated","Banded Diamond Push-Ups — Legs Elevated","home","Chest","{'groups': [['resistance-band'], ['chair', 'bench']]}"
"banded-diamond-push-ups","Banded Diamond Push-Ups","home","Chest","{'groups': [['resistance-band']]}"
"banded-narrow-push-ups-legs-elevated","Banded Narrow Push-Ups — Legs Elevated","home","Chest","{'groups': [['resistance-band'], ['chair', 'bench']]}"
"banded-narrow-push-ups","Banded Narrow Push-Ups","home","Chest","{'groups': [['resistance-band']]}"
"banded-push-ups-legs-elevated","Banded Push-Ups — Legs Elevated","home","Chest","{'groups': [['resistance-band'], ['chair', 'bench']]}"
"banded-push-ups","Banded Push-Ups","home","Chest","{'groups': [['resistance-band']]}"
"incline-bench-fly-alternating-db-or-kb","Incline Bench Fly — Alternating (Db Or Kb)","home","Chest","{'groups': [['dumbbells', 'kettlebells'], ['bench']]}"
"incline-bench-fly-unilateral-db-or-kb","Incline Bench Fly — Unilateral (Db Or Kb)","home","Chest","{'groups': [['dumbbells', 'kettlebells'], ['bench']]}"
"incline-bench-fly-db-or-kb","Incline Bench Fly (Db Or Kb)","home","Chest","{'groups': [['dumbbells', 'kettlebells'], ['bench']]}"
"incline-bench-press-alternating-db-or-kb","Incline Bench Press — Alternating (Db Or Kb)","home","Chest","{'groups': [['dumbbells', 'kettlebells'], ['bench']]}"
"incline-bench-press-alternating-tempo-x-s-db-or-kb","Incline Bench Press — Alternating, Tempo X S (Db Or Kb)","home","Chest","{'groups': [['dumbbells', 'kettlebells'], ['bench']]}"
"incline-bench-press-narrow-grip-db-or-kb","Incline Bench Press — Narrow Grip (Db Or Kb)","home","Chest","{'groups': [['dumbbells', 'kettlebells'], ['bench']]}"
"incline-bench-press-tempo-x-s-db-or-kb","Incline Bench Press — Tempo X S (Db Or Kb)","home","Chest","{'groups': [['dumbbells', 'kettlebells'], ['bench']]}"
"incline-bench-press-unilateral-db-or-kb","Incline Bench Press — Unilateral (Db Or Kb)","home","Chest","{'groups': [['dumbbells', 'kettlebells'], ['bench']]}"
"incline-bench-press-unilateral-tempo-x-s-db-or-kb","Incline Bench Press — Unilateral, Tempo X S (Db Or Kb)","home","Chest","{'groups': [['dumbbells', 'kettlebells'], ['bench']]}"
"incline-bench-press-db-or-kb","Incline Bench Press (Db Or Kb)","home","Chest","{'groups': [['dumbbells', 'kettlebells'], ['bench']]}"
"trx-diamond-push-ups-legs-elevated","Trx Diamond Push-Ups — Legs Elevated","home","Chest","{'groups': [['suspension-trainer']]}"
"trx-fly","Trx Fly","home","Chest","{'groups': [['suspension-trainer']]}"
"trx-narrow-push-ups-legs-elevated","Trx Narrow Push-Ups — Legs Elevated","home","Chest","{'groups': [['suspension-trainer']]}"
"trx-narrow-push-ups","Trx Narrow Push-Ups","home","Chest","{'groups': [['suspension-trainer']]}"
"trx-push-ups-legs-elevated","Trx Push-Ups — Legs Elevated","home","Chest","{'groups': [['suspension-trainer']]}"
"trx-push-ups","Trx Push-Ups","home","Chest","{'groups': [['suspension-trainer']]}"
"bench-press-tempo-x-s-db-or-kb","Bench Press — Tempo X S (Db Or Kb)","home","Chest","{'groups': [['dumbbells', 'kettlebells'], ['bench']]}"
"incline-bench-press-narrow-grip-tempo-x-s-db-or-kb","Incline Bench Press — Narrow Grip, Tempo X S (Db Or Kb)","home","Chest","{'groups': [['dumbbells', 'kettlebells'], ['bench']]}"
"bench-fly-alternating-db-or-kb","Bench Fly — Alternating (Db Or Kb)","home","Chest","{'groups': [['dumbbells', 'kettlebells'], ['bench']]}"
"bench-fly-unilateral-db-or-kb","Bench Fly — Unilateral (Db Or Kb)","home","Chest","{'groups': [['dumbbells', 'kettlebells'], ['bench']]}"
"bench-fly-db-or-kb","Bench Fly (Db Or Kb)","home","Chest","{'groups': [['dumbbells', 'kettlebells'], ['bench']]}"
"bench-press-alternating-db-or-kb","Bench Press — Alternating (Db Or Kb)","home","Chest","{'groups': [['dumbbells', 'kettlebells'], ['bench']]}"
"bench-press-alternating-tempo-x-s-db-or-kb","Bench Press — Alternating, Tempo X S (Db Or Kb)","home","Chest","{'groups': [['dumbbells', 'kettlebells'], ['bench']]}"
"bench-press-narrow-grip-db-or-kb","Bench Press — Narrow Grip (Db Or Kb)","home","Chest","{'groups': [['dumbbells', 'kettlebells'], ['bench']]}"
"bench-press-narrow-grip-tempo-x-s-db-or-kb","Bench Press — Narrow Grip, Tempo X S (Db Or Kb)","home","Chest","{'groups': [['dumbbells', 'kettlebells'], ['bench']]}"
"bench-press-unilateral-db-or-kb","Bench Press — Unilateral (Db Or Kb)","home","Chest","{'groups': [['dumbbells', 'kettlebells'], ['bench']]}"
"bench-press-unilateral-tempo-x-s-db-or-kb","Bench Press — Unilateral, Tempo X S (Db Or Kb)","home","Chest","{'groups': [['dumbbells', 'kettlebells'], ['bench']]}"
"bench-press-db-or-kb","Bench Press (Db Or Kb)","home","Chest","{'groups': [['dumbbells', 'kettlebells'], ['bench']]}"
"unilateral-close-grip-press-db-or-kb","Unilateral Close-Grip Press (Db Or Kb)","home","Chest","{'groups': [['dumbbells', 'kettlebells'], ['bench']]}"
"floor-press-narrow-grip-db-or-kb","Floor Press — Narrow Grip (Db Or Kb)","home","Chest","{'groups': [['dumbbells', 'kettlebells']]}"
"floor-press-narrow-grip-tempo-x-s-db-or-kb","Floor Press — Narrow Grip, Tempo X S (Db Or Kb)","home","Chest","{'groups': [['dumbbells', 'kettlebells']]}"
"floor-press-unilateral-db-or-kb","Floor Press — Unilateral (Db Or Kb)","home","Chest","{'groups': [['dumbbells', 'kettlebells']]}"
"floor-press-unilateral-tempo-x-s-db-or-kb","Floor Press — Unilateral, Tempo X S (Db Or Kb)","home","Chest","{'groups': [['dumbbells', 'kettlebells']]}"
"lying-on-the-floor-unilateral-close-grip-db-or-kb-press","Lying On The Floor — Unilateral Close-Grip (Db Or Kb) Press","home","Chest","{'groups': [['dumbbells', 'kettlebells']]}"
"trx-reverse-fly","Trx Reverse Fly","home","Back","{'groups': [['suspension-trainer']]}"
"bent-over-reverse-fly-db","Bent-Over Reverse Fly (Db)","home","Back","{'groups': [['dumbbells', 'kettlebells']]}"
"anchored-shoulder-shrugs","Anchored Shoulder Shrugs","home","Back","{'groups': [['suspension-trainer']]}"
"bent-over-row-db-or-kb-neutral-grip-alternating-tempo-ecc-x-s","Bent-Over Row (Db Or Kb) — Neutral Grip, Alternating, Tempo (Ecc.) X S","home","Back","{'groups': [['dumbbells', 'kettlebells']]}"
"bent-over-row-db-or-kb-neutral-grip-alternating","Bent-Over Row (Db Or Kb) — Neutral Grip, Alternating","home","Back","{'groups': [['dumbbells', 'kettlebells']]}"
"bent-over-row-db-or-kb-neutral-grip-tempo-ecc-x-s","Bent-Over Row (Db Or Kb) — Neutral Grip, Tempo (Ecc.) X S","home","Back","{'groups': [['dumbbells', 'kettlebells']]}"
"bent-over-row-db-or-kb-neutral-grip-unilateral-tempo-ecc-x-s","Bent-Over Row (Db Or Kb) — Neutral Grip, Unilateral, Tempo (Ecc.) X S","home","Back","{'groups': [['dumbbells', 'kettlebells']]}"
"bent-over-row-db-or-kb-neutral-grip-unilateral","Bent-Over Row (Db Or Kb) — Neutral Grip, Unilateral","home","Back","{'groups': [['dumbbells', 'kettlebells']]}"
"bent-over-row-db-or-kb-neutral-grip","Bent-Over Row (Db Or Kb) — Neutral Grip","home","Back","{'groups': [['dumbbells', 'kettlebells']]}"
"bent-over-row-db-or-kb-overhand-grip-alternating-tempo-ecc-x-s","Bent-Over Row (Db Or Kb) — Overhand Grip, Alternating, Tempo (Ecc.) X S","home","Back","{'groups': [['dumbbells', 'kettlebells']]}"
"bent-over-row-db-or-kb-overhand-grip-alternating","Bent-Over Row (Db Or Kb) — Overhand Grip, Alternating","home","Back","{'groups': [['dumbbells', 'kettlebells']]}"
"bent-over-row-db-or-kb-overhand-grip-tempo-ecc-x-s","Bent-Over Row (Db Or Kb) — Overhand Grip, Tempo (Ecc.) X S","home","Back","{'groups': [['dumbbells', 'kettlebells']]}"
"bent-over-row-db-or-kb-overhand-grip-unilateral-tempo-ecc-x-s","Bent-Over Row (Db Or Kb) — Overhand Grip, Unilateral, Tempo (Ecc.) X S","home","Back","{'groups': [['dumbbells', 'kettlebells']]}"
"bent-over-row-db-or-kb-overhand-grip-unilateral","Bent-Over Row (Db Or Kb) — Overhand Grip, Unilateral","home","Back","{'groups': [['dumbbells', 'kettlebells']]}"
"bent-over-row-db-or-kb-overhand-grip","Bent-Over Row (Db Or Kb) — Overhand Grip","home","Back","{'groups': [['dumbbells', 'kettlebells']]}"
"bent-over-row-db-or-kb-underhand-grip-alternating-tempo-ecc-x-s","Bent-Over Row (Db Or Kb) — Underhand Grip, Alternating, Tempo (Ecc.) X S","home","Back","{'groups': [['dumbbells', 'kettlebells']]}"
"bent-over-row-db-or-kb-underhand-grip-alternating","Bent-Over Row (Db Or Kb) — Underhand Grip, Alternating","home","Back","{'groups': [['dumbbells', 'kettlebells']]}"
"bent-over-row-db-or-kb-underhand-grip-tempo-ecc-x-s","Bent-Over Row (Db Or Kb) — Underhand Grip, Tempo (Ecc.) X S","home","Back","{'groups': [['dumbbells', 'kettlebells']]}"
"bent-over-row-db-or-kb-underhand-grip-unilateral","Bent-Over Row (Db Or Kb) — Underhand Grip, Unilateral","home","Back","{'groups': [['dumbbells', 'kettlebells']]}"
"bent-over-row-db-or-kb-underhand-grip","Bent-Over Row (Db Or Kb) — Underhand Grip","home","Back","{'groups': [['dumbbells', 'kettlebells']]}"
"alternating-prone-row-db-or-kb-neutral-grip-tempo-ecc","Alternating Prone Row (Db Or Kb) — Neutral Grip, Tempo (Ecc.)","home","Back","{'groups': [['dumbbells', 'kettlebells'], ['bench']]}"
"alternating-prone-row-db-or-kb-neutral-grip","Alternating Prone Row (Db Or Kb) — Neutral Grip","home","Back","{'groups': [['dumbbells', 'kettlebells'], ['bench']]}"
"alternating-prone-row-db-or-kb-overhand-grip-tempo-ecc","Alternating Prone Row (Db Or Kb) — Overhand Grip, Tempo (Ecc.)","home","Back","{'groups': [['dumbbells', 'kettlebells'], ['bench']]}"
"alternating-prone-row-db-or-kb-overhand-grip","Alternating Prone Row (Db Or Kb) — Overhand Grip","home","Back","{'groups': [['dumbbells', 'kettlebells'], ['bench']]}"
"alternating-prone-row-db-or-kb-underhand-grip-tempo-ecc","Alternating Prone Row (Db Or Kb) — Underhand Grip, Tempo (Ecc.)","home","Back","{'groups': [['dumbbells', 'kettlebells'], ['bench']]}"
"alternating-prone-row-db-or-kb-underhand-grip","Alternating Prone Row (Db Or Kb) — Underhand Grip","home","Back","{'groups': [['dumbbells', 'kettlebells'], ['bench']]}"
"anchored-upright-row","Anchored Upright Row","home","Back","{'groups': [['suspension-trainer']]}"
"banded-bent-over-row-neutral-grip-alternating-tempo-ecc-x-s","Banded Bent-Over Row — Neutral Grip, Alternating, Tempo (Ecc.) X S","home","Back","{'groups': [['resistance-band']]}"
"banded-bent-over-row-neutral-grip-alternating","Banded Bent-Over Row — Neutral Grip, Alternating","home","Back","{'groups': [['resistance-band']]}"
"banded-bent-over-row-neutral-grip-tempo-ecc-x-s","Banded Bent-Over Row — Neutral Grip, Tempo (Ecc.) X S","home","Back","{'groups': [['resistance-band']]}"
"banded-bent-over-row-neutral-grip-unilateral-tempo-ecc-x-s","Banded Bent-Over Row — Neutral Grip, Unilateral, Tempo (Ecc.) X S","home","Back","{'groups': [['resistance-band']]}"
"banded-bent-over-row-neutral-grip-unilateral","Banded Bent-Over Row — Neutral Grip, Unilateral","home","Back","{'groups': [['resistance-band']]}"
"banded-bent-over-row-neutral-grip","Banded Bent-Over Row — Neutral Grip","home","Back","{'groups': [['resistance-band']]}"
"banded-bent-over-row-overhand-grip-alternating-tempo-ecc-x-s","Banded Bent-Over Row — Overhand Grip, Alternating, Tempo (Ecc.) X S","home","Back","{'groups': [['resistance-band']]}"
"banded-bent-over-row-overhand-grip-alternating","Banded Bent-Over Row — Overhand Grip, Alternating","home","Back","{'groups': [['resistance-band']]}"
"banded-bent-over-row-overhand-grip-tempo-ecc-x-s","Banded Bent-Over Row — Overhand Grip, Tempo (Ecc.) X S","home","Back","{'groups': [['resistance-band']]}"
"banded-bent-over-row-overhand-grip-unilateral-tempo-ecc-x-s","Banded Bent-Over Row — Overhand Grip, Unilateral, Tempo (Ecc.) X S","home","Back","{'groups': [['resistance-band']]}"
"banded-bent-over-row-overhand-grip-unilateral","Banded Bent-Over Row — Overhand Grip, Unilateral","home","Back","{'groups': [['resistance-band']]}"
"banded-bent-over-row-overhand-grip","Banded Bent-Over Row — Overhand Grip","home","Back","{'groups': [['resistance-band']]}"
"banded-bent-over-row-underhand-grip-alternating-tempo-ecc-x-s","Banded Bent-Over Row — Underhand Grip, Alternating, Tempo (Ecc.) X S","home","Back","{'groups': [['resistance-band']]}"
"banded-bent-over-row-underhand-grip-alternating","Banded Bent-Over Row — Underhand Grip, Alternating","home","Back","{'groups': [['resistance-band']]}"
"banded-bent-over-row-underhand-grip-tempo-ecc-x-s","Banded Bent-Over Row — Underhand Grip, Tempo (Ecc.) X S","home","Back","{'groups': [['resistance-band']]}"
"banded-bent-over-row-underhand-grip-unilateral-tempo-ecc-x-s","Banded Bent-Over Row — Underhand Grip, Unilateral, Tempo (Ecc.) X S","home","Back","{'groups': [['resistance-band']]}"
"banded-bent-over-row-underhand-grip-unilateral","Banded Bent-Over Row — Underhand Grip, Unilateral","home","Back","{'groups': [['resistance-band']]}"
"banded-bent-over-row-underhand-grip","Banded Bent-Over Row — Underhand Grip","home","Back","{'groups': [['resistance-band']]}"
"prone-row-db-or-kb-neutral-grip-tempo-ecc","Prone Row (Db Or Kb) — Neutral Grip, Tempo (Ecc.)","home","Back","{'groups': [['dumbbells', 'kettlebells'], ['bench']]}"
"prone-row-db-or-kb-neutral-grip","Prone Row (Db Or Kb) — Neutral Grip","home","Back","{'groups': [['dumbbells', 'kettlebells'], ['bench']]}"
"prone-row-db-or-kb-overhand-grip-tempo-ecc","Prone Row (Db Or Kb) — Overhand Grip, Tempo (Ecc.)","home","Back","{'groups': [['dumbbells', 'kettlebells'], ['bench']]}"
"prone-row-db-or-kb-overhand-grip","Prone Row (Db Or Kb) — Overhand Grip","home","Back","{'groups': [['dumbbells', 'kettlebells'], ['bench']]}"
"prone-row-db-or-kb-underhand-grip-tempo-ecc","Prone Row (Db Or Kb) — Underhand Grip, Tempo (Ecc.)","home","Back","{'groups': [['dumbbells', 'kettlebells'], ['bench']]}"
"prone-row-db-or-kb-underhand-grip","Prone Row (Db Or Kb) — Underhand Grip","home","Back","{'groups': [['dumbbells', 'kettlebells'], ['bench']]}"
"single-arm-face-pull","Single-Arm Face Pull","home","Back","{'groups': [['suspension-trainer']]}"
"trx-face-pulls","Trx Face Pulls","home","Back","{'groups': [['suspension-trainer']]}"
"trx-row-grip-from-pronation-to-neutral","Trx Row — Grip From Pronation To Neutral","home","Back","{'groups': [['suspension-trainer']]}"
"trx-row-high-row-overhand-grip","Trx Row — High Row, Overhand Grip","home","Back","{'groups': [['suspension-trainer']]}"
"trx-row-neutral-grip","Trx Row — Neutral Grip","home","Back","{'groups': [['suspension-trainer']]}"
"trx-row-overhand-grip","Trx Row — Overhand Grip","home","Back","{'groups': [['suspension-trainer']]}"
"trx-row-underhand-grip","Trx Row — Underhand Grip","home","Back","{'groups': [['suspension-trainer']]}"
"trx-scarecrows","Trx Scarecrows","home","Back","{'groups': [['suspension-trainer']]}"
"unilateral-prone-row-db-or-kb-neutral-grip-tempo-ecc","Unilateral Prone Row (Db Or Kb) — Neutral Grip, Tempo (Ecc.)","home","Back","{'groups': [['dumbbells', 'kettlebells'], ['bench']]}"
"unilateral-prone-row-db-or-kb-neutral-grip","Unilateral Prone Row (Db Or Kb) — Neutral Grip","home","Back","{'groups': [['dumbbells', 'kettlebells'], ['bench']]}"
"unilateral-prone-row-db-or-kb-overhand-grip-tempo-ecc","Unilateral Prone Row (Db Or Kb) — Overhand Grip, Tempo (Ecc.)","home","Back","{'groups': [['dumbbells', 'kettlebells'], ['bench']]}"
"unilateral-prone-row-db-or-kb-overhand-grip","Unilateral Prone Row (Db Or Kb) — Overhand Grip","home","Back","{'groups': [['dumbbells', 'kettlebells'], ['bench']]}"
"unilateral-prone-row-db-or-kb-underhand-grip-tempo-ecc","Unilateral Prone Row (Db Or Kb) — Underhand Grip, Tempo (Ecc.)","home","Back","{'groups': [['dumbbells', 'kettlebells'], ['bench']]}"
"unilateral-prone-row-db-or-kb-underhand-grip","Unilateral Prone Row (Db Or Kb) — Underhand Grip","home","Back","{'groups': [['dumbbells', 'kettlebells'], ['bench']]}"
"bent-over-row-db-or-kb-underhand-grip-unilateral-tempo-ecc-x-s","Bent-Over Row (Db Or Kb) — Underhand Grip, Unilateral, Tempo (Ecc.) X S","home","Back","{'groups': [['dumbbells', 'kettlebells'], ['bench']]}"
"bent-over-y-raise-db","Bent-Over Y-Raise (Db)","home","Back","{'groups': [['dumbbell']]}"
"trx-alligators","Trx Alligators","home","Back","{'groups': [['suspension-trainer']]}"
"trx-swimmers-pull","Trx Swimmer’S Pull","home","Back","{'groups': [['suspension-trainer']]}"
"trx-y-raise","Trx Y-Raise","home","Back","{'groups': [['suspension-trainer']]}"
"prone-y-raise-db","Prone Y-Raise (Db)","home","Back","{'groups': [['dumbbells'], ['bench']]}"
"banded-bent-over-y-raise","Banded Bent-Over Y-Raise","home","Back","{'groups': [['resistance-band']]}"
"prone-y-raise","Prone Y-Raise","home","Back","{'groups': [['dumbbell']]}"
"side-lying-external-rotation-rotator-cuff","Side-Lying External Rotation (Rotator Cuff)","home","Back","{'groups': [['dumbbell']]}"
"banded-bent-over-reverse-fly","Banded Bent-Over Reverse Fly","home","Back","{'groups': [['resistance-band']]}"
"prone-reverse-fly-db","Prone Reverse Fly (Db)","home","Back","{'groups': [['dumbbells', 'kettlebells'], ['bench']]}"
"prone-back-extensions","Prone Back Extensions","home","Back","{'groups': [['body-weight']]}"
"bowlers-squat","Bowler’S Squat","home","Legs","{'groups': [['body-weight']]}"
"db-bowlers-squat","Db Bowler’S Squat","home","Legs","{'groups': [['dumbbells', 'kettlebells']]}"
"db-glute-bridge-legs-elevated","Db Glute Bridge — Legs Elevated","home","Legs","{'groups': [['dumbbells', 'kettlebells']]}"
"db-glute-bridge","Db Glute Bridge","home","Legs","{'groups': [['dumbbells', 'kettlebells']]}"
"db-lunges-alternating-step-back","Db Lunges — Alternating Step Back","home","Legs","{'groups': [['dumbbells', 'kettlebells']]}"
"db-lunges-alternating-step-forward","Db Lunges — Alternating Step Forward","home","Legs","{'groups': [['dumbbells', 'kettlebells']]}"
"db-lunges-back","Db Lunges — Back","home","Legs","{'groups': [['dumbbells', 'kettlebells']]}"
"db-lunges-step-back-tempo-ecc-x-s","Db Lunges — Step Back — Tempo (Ecc.) X S","home","Legs","{'groups': [['dumbbells', 'kettlebells']]}"
"db-lunges-step-forward-tempo-ecc-x-s","Db Lunges — Step Forward — Tempo (Ecc.) X S","home","Legs","{'groups': [['dumbbells', 'kettlebells']]}"
"db-lunges-step-forward-with-pulse","Db Lunges — Step Forward With Pulse","home","Legs","{'groups': [['dumbbells', 'kettlebells']]}"
"db-lunges-step-forward","Db Lunges — Step Forward","home","Legs","{'groups': [['dumbbells', 'kettlebells']]}"
"db-pistol-squat","Db Pistol Squat","home","Legs","{'groups': [['dumbbells', 'kettlebells']]}"
"db-side-squat-alternating","Db Side Squat — Alternating","home","Legs","{'groups': [['dumbbells', 'kettlebells']]}"
"db-side-squat","Db Side Squat","home","Legs","{'groups': [['dumbbells', 'kettlebells']]}"
"db-split-squat-tempo-ecc-x-s","Db Split Squat — Tempo (Ecc.) X S","home","Legs","{'groups': [['dumbbells', 'kettlebells']]}"
"db-split-squat-tempo-x-s","Db Split Squat — Tempo X S","home","Legs","{'groups': [['dumbbells', 'kettlebells']]}"
"db-split-squat-with-pulse","Db Split Squat With Pulse","home","Legs","{'groups': [['dumbbells', 'kettlebells']]}"
"db-walking-lunges","Db Walking Lunges","home","Legs","{'groups': [['dumbbells', 'kettlebells']]}"
"front-squat-tempo-ecc-x-s","Front Squat — Tempo (Ecc.) X S","home","Legs","{'groups': [['dumbbells', 'kettlebells']]}"
"front-squat-tempo-x-s","Front Squat — Tempo X S","home","Legs","{'groups': [['dumbbells', 'kettlebells']]}"
"front-squat-with-pulse","Front Squat With Pulse","home","Legs","{'groups': [['dumbbells', 'kettlebells']]}"
"front-squat","Front Squat","home","Legs","{'groups': [['dumbbells', 'kettlebells']]}"
"glute-bridge-legs-elevated","Glute Bridge — Legs Elevated","home","Legs","{'groups': [['dumbbells', 'kettlebells']]}"
"glute-bridge-tempo-ecc-x-s","Glute Bridge Tempo (Ecc.) X S","home","Legs","{'groups': [['body-weight']]}"
"glute-bridge-tempo-x-s","Glute Bridge Tempo X S","home","Legs","{'groups': [['body-weight']]}"
"goblet-squat-tempo-ecc-x-s","Goblet Squat — Tempo (Ecc.) X S","home","Legs","{'groups': [['dumbbells', 'kettlebells']]}"
"goblet-squat-tempo-x-s","Goblet Squat — Tempo X S","home","Legs","{'groups': [['dumbbells', 'kettlebells']]}"
"goblet-squat-with-pulse","Goblet Squat With Pulse","home","Legs","{'groups': [['dumbbells', 'kettlebells']]}"
"goblet-squat","Goblet Squat","home","Legs","{'groups': [['dumbbells', 'kettlebells']]}"
"lunges-alternating-step-back","Lunges — Alternating Step Back","home","Legs","{'groups': [['dumbbells', 'kettlebells']]}"
"lunges-alternating-step-forward","Lunges — Alternating Step Forward","home","Legs","{'groups': [['dumbbells', 'kettlebells']]}"
"lunges-step-back-tempo-ecc-x-s","Lunges — Step Back — Tempo (Ecc.) X S","home","Legs","{'groups': [['dumbbells', 'kettlebells']]}"
"lunges-step-back-with-pulse","Lunges — Step Back With Pulse","home","Legs","{'groups': [['dumbbells', 'kettlebells']]}"
"lunges-step-back","Lunges — Step Back","home","Legs","{'groups': [['dumbbells', 'kettlebells']]}"
"lunges-step-forward-tempo-ecc-x-s","Lunges — Step Forward — Tempo (Ecc.) X S","home","Legs","{'groups': [['dumbbells', 'kettlebells']]}"
"lunges-step-forward-with-pulse","Lunges — Step Forward With Pulse","home","Legs","{'groups': [['dumbbells', 'kettlebells']]}"
"lunges-step-forward","Lunges — Step Forward","home","Legs","{'groups': [['dumbbells', 'kettlebells']]}"
"pistol-squat","Pistol Squat","home","Legs","{'groups': [['body-weight']]}"
"plyometric-split-squat","Plyometric Split Squat","home","Legs","{'groups': [['body-weight']]}"
"prisoner-squat-tempo-ecc-x-s","Prisoner Squat — Tempo (Ecc.) X S","home","Legs","{'groups': [['body-weight']]}"
"prisoner-squat-tempo-x-s","Prisoner Squat — Tempo X S","home","Legs","{'groups': [['body-weight']]}"
"prisoner-squat-with-pulse","Prisoner Squat With Pulse","home","Legs","{'groups': [['body-weight']]}"
"prisoner-squat","Prisoner Squat","home","Legs","{'groups': [['body-weight']]}"
"side-squat-alternating","Side Squat — Alternating","home","Legs","{'groups': [['dumbbells', 'kettlebells']]}"
"split-squat-tempo-ecc-x-s","Split Squat — Tempo (Ecc.) X S","home","Legs","{'groups': [['dumbbells', 'kettlebells']]}"
"split-squat-tempo-x-s","Split Squat — Tempo X S","home","Legs","{'groups': [['dumbbells', 'kettlebells']]}"
"split-squat-db","Split Squat Db","home","Legs","{'groups': [['dumbbells', 'kettlebells']]}"
"split-squat-with-pulse","Split Squat With Pulse","home","Legs","{'groups': [['dumbbells', 'kettlebells']]}"
"split-squat","Split Squat","home","Legs","{'groups': [['dumbbells', 'kettlebells']]}"
"squat-jumps","Squat Jumps","home","Legs","{'groups': [['body-weight']]}"
"walking-lunges-hands-behind-head","Walking Lunges — Hands Behind Head","home","Legs","{'groups': [['body-weight']]}"
"walking-lunges-with-pulse","Walking Lunges With Pulse","home","Legs","{'groups': [['dumbbells', 'kettlebells']]}"
"walking-lunges","Walking Lunges","home","Legs","{'groups': [['dumbbells', 'kettlebells']]}"
"assisted-pistol-squat-tempo-ecc","Assisted Pistol Squat — Tempo (Ecc.)","home","Legs","{'groups': [['suspension-trainer']]}"
"assisted-pistol-squat","Assisted Pistol Squat","home","Legs","{'groups': [['suspension-trainer']]}"
"assisted-split-squat-tempo-ecc","Assisted Split Squat — Tempo (Ecc.)","home","Legs","{'groups': [['suspension-trainer']]}"
"assisted-split-squat-tempo","Assisted Split Squat — Tempo","home","Legs","{'groups': [['suspension-trainer']]}"
"assisted-split-squat-db","Assisted Split Squat Db","home","Legs","{'groups': [['suspension-trainer']]}"
"assisted-squat-tempo-ecc","Assisted Squat — Tempo (Ecc.)","home","Legs","{'groups': [['suspension-trainer']]}"
"assisted-squat-tempo","Assisted Squat — Tempo","home","Legs","{'groups': [['suspension-trainer']]}"
"assisted-squat-with-pulse","Assisted Squat With Pulse","home","Legs","{'groups': [['suspension-trainer']]}"
"assisted-squat","Assisted Squat","home","Legs","{'groups': [['suspension-trainer']]}"
"glute-bridge","Glute Bridge","home","Legs","{'groups': [['body-weight']]}"
"hip-thrust-dbkb-optional","Hip Thrust (Db·Kb Optional)","home","Legs","{'groups': [['dumbbells', 'kettlebells'], ['bench']]}"
"side-slide-to-squat-towel-or-sliders","Side Slide To Squat (Towel Or Sliders)","home","Legs","{'groups': [['sliders', 'towel']]}"
"side-squat","Side Squat","home","Legs","{'groups': [['dumbbells', 'kettlebells']]}"
"step-up-dbkb","Step-Up (Db–Kb)","home","Legs","{'groups': [['dumbbells', 'kettlebells'], ['chair', 'bench']]}"
"walking-lunges-with-pulse","Walking Lunges With Pulse","home","Legs","{'groups': [['dumbbells', 'kettlebells']]}"
"box-squat-dbkb-tempo-ecc-x-s","Box Squat (Db–Kb) — Tempo (Ecc.) X S","home","Legs","{'groups': [['dumbbells', 'kettlebells'], ['chair', 'bench']]}"
"box-squat-dbkb-tempo-x-s","Box Squat (Db–Kb) — Tempo X S","home","Legs","{'groups': [['dumbbells', 'kettlebells'], ['chair', 'bench']]}"
"box-squat-dbkb","Box Squat (Db–Kb)","home","Legs","{'groups': [['dumbbells', 'kettlebells'], ['chair', 'bench']]}"
"glute-bridge-legs-elevated-db-kb-optional","Glute Bridge — Legs Elevated (Db-Kb Optional)","home","Legs","{'groups': [['dumbbells', 'kettlebells'], ['chair', 'bench']]}"
"db-step-back-with-pulse","Db Step Back With Pulse","home","Legs","{'groups': [['dumbbells', 'kettlebells']]}"
"step-down-dbkb-leg-back","Step-Down (Db–Kb) — Leg Back","home","Legs","{'groups': [['dumbbells', 'kettlebells'], ['chair', 'bench']]}"
"step-down-dbkb-leg-in-front","Step-Down (Db–Kb) — Leg In Front","home","Legs","{'groups': [['dumbbells', 'kettlebells'], ['chair', 'bench']]}"
"banded-pull-through","Banded Pull-Through","home","Legs","{'groups': [['resistance-band']]}"
"walking-hip-abductions","Walking Hip Abductions","home","Legs","{'groups': [['resistance-band']]}"
"kettlebell-swings","Kettlebell Swings","home","Legs","{'groups': [['kettlebell']]}"
"banded-leg-raise-with-abduction","Banded Leg Raise With Abduction","home","Legs","{'groups': [['resistance-band']]}"
"copenhagen-plank","Copenhagen Plank","home","Legs","{'groups': [['chair', 'bench']]}"
"box-squat-dbkb-unilateral-alternating","Box Squat (Db–Kb) — Unilateral, Alternating","home","Legs","{'groups': [['dumbbells', 'kettlebells'], ['chair', 'bench']]}"
"box-squat-dbkb-unilateral-tempo-ecc-x-s","Box Squat (Db–Kb) — Unilateral, Tempo (Ecc.) X S","home","Legs","{'groups': [['dumbbells', 'kettlebells'], ['chair', 'bench']]}"
"box-squat-dbkb-unilateral","Box Squat (Db–Kb) — Unilateral","home","Legs","{'groups': [['dumbbells', 'kettlebells'], ['chair', 'bench']]}"
"glute-bridge-unilateral-legs-elevated-db-kb-optional","Glute Bridge — Unilateral, Legs Elevated (Db-Kb Optional)","home","Legs","{'groups': [['dumbbells', 'kettlebells'], ['chair', 'bench']]}"
"glute-bridge-unilateral-legs-elevated-tempo-ecc-db-kb-optional","Glute Bridge — Unilateral, Legs Elevated, Tempo (Ecc.) (Db-Kb Optional)","home","Legs","{'groups': [['dumbbells', 'kettlebells'], ['chair', 'bench']]}"
"glute-bridge-unilateral-tempo-ecc","Glute Bridge — Unilateral, Tempo (Ecc.)","home","Legs","{'groups': [['dumbbells', 'kettlebells']]}"
"glute-bridge-unilateral-tempo","Glute Bridge — Unilateral, Tempo","home","Legs","{'groups': [['dumbbells', 'kettlebells']]}"
"glute-bridge-unilateral","Glute Bridge — Unilateral","home","Legs","{'groups': [['dumbbells', 'kettlebells']]}"
"glute-bridge-unilateral-legs-elevated-tempo-db-kb-optional","Glute Bridge — Unilateral, Legs Elevated, Tempo (Db-Kb Optional)","home","Legs","{'groups': [['dumbbells', 'kettlebells'], ['chair', 'bench']]}"
"glute-bridge-unilateral-legs-elevated","Glute Bridge — Unilateral, Legs Elevated ","home","Legs","{'groups': [['dumbbells', 'kettlebells'], ['chair', 'bench']]}"
"lateral-step-up-dbkb","Lateral Step-Up (Db·Kb)","home","Legs","{'groups': [['dumbbells', 'kettlebells'], ['chair', 'bench']]}"
"db-glute-bridge-unilateral-legs-elevated","Db Glute Bridge — Unilateral, Legs Elevated","home","Legs","{'groups': [['dumbbells', 'kettlebells'], ['chair', 'bench']]}"
"db-glute-bridge-unilateral-tempo-ecc","Db Glute Bridge — Unilateral, Tempo (Ecc.)","home","Legs","{'groups': [['dumbbells', 'kettlebells']]}"
"db-glute-bridge-unilateral-tempo","Db Glute Bridge — Unilateral, Tempo","home","Legs","{'groups': [['dumbbells', 'kettlebells']]}"
"db-glute-bridge-unilateral","Db Glute Bridge — Unilateral","home","Legs","{'groups': [['dumbbells', 'kettlebells']]}"
"hip-thrust-unilateral-dbkb-optional","Hip Thrust — Unilateral (Db·Kb Optional)","home","Legs","{'groups': [['dumbbells', 'kettlebells'], ['chair', 'bench']]}"
"supine-leg-curls-unilateral-ecc-towel-or-sliders","Supine Leg Curls Unilateral Ecc. (Towel Or Sliders)","home","Legs","{'groups': [['sliders', 'towel']]}"
"supine-leg-curls-with-towel-or-sliders","Supine Leg Curls With Towel Or Sliders","home","Legs","{'groups': [['sliders', 'towel']]}"
"bicycle-crunch","Bicycle Crunch","home","Core","{'groups': [['body-weight']]}"
"core-twists-kb-or-db","Core Twists (Kb Or Db)","home","Core","{'groups': [['dumbbells', 'kettlebells']]}"
"crunches-kb-or-db","Crunches (Kb Or Db)","home","Core","{'groups': [['dumbbells', 'kettlebells']]}"
"dead-bug-kb-or-db","Dead Bug (Kb Or Db)","home","Core","{'groups': [['dumbbells', 'kettlebells']]}"
"elbow-to-knee-crunch","Elbow-To-Knee Crunch","home","Core","{'groups': [['body-weight']]}"
"north-to-south-plank-kb-or-db","North-To-South Plank (Kb Or Db)","home","Core","{'groups': [['dumbbells', 'kettlebells']]}"
"oblique-crunch","Oblique Crunch","home","Core","{'groups': [['body-weight']]}"
"plank-pull-throughs-kettlebell-or-db","Plank Pull-Throughs (Kettlebell Or Db)","home","Core","{'groups': [['dumbbells', 'kettlebells']]}"
"plank-rockers","Plank Rockers","home","Core","{'groups': [['body-weight']]}"
"plank-to-triceps-extension","Plank To Triceps Extension","home","Core","{'groups': [['body-weight']]}"
"raised-legs-crunches","Raised-Legs Crunches","home","Core","{'groups': [['body-weight']]}"
"reverse-crunches","Reverse Crunches","home","Core","{'groups': [['body-weight']]}"
"russian-twist-kb-or-db","Russian Twist (Kb Or Db)","home","Core","{'groups': [['dumbbells', 'kettlebells']]}"
"side-v-ups","Side V-Ups","home","Core","{'groups': [['body-weight']]}"
"sit-ups-kb-or-db","Sit-Ups (Kb Or Db)","home","Core","{'groups': [['dumbbells', 'kettlebells']]}"
"sit-ups","Sit-Ups","home","Core","{'groups': [['body-weight']]}"
"starfish-crunch","Starfish Crunch","home","Core","{'groups': [['body-weight']]}"
"v-ups-kb-or-db","V-Ups (Kb Or Db)","home","Core","{'groups': [['dumbbells', 'kettlebells']]}"
"v-ups","V-Ups","home","Core","{'groups': [['body-weight']]}"
"around-the-world-planks","Around-The-World Planks","home","Core","{'groups': [['body-weight']]}"
"assisted-sit-up","Assisted Sit-Up","home","Core","{'groups': [['suspension-trainer']]}"
"banded-crunches","Banded Crunches","home","Core","{'groups': [['resistance-band']]}"
"banded-russian-twist","Banded Russian Twist","home","Core","{'groups': [['resistance-band']]}"
"banded-sit-ups","Banded Sit-Ups","home","Core","{'groups': [['resistance-band']]}"
"lying-leg-raise","Lying Leg Raise","home","Core","{'groups': [['body-weight']]}"
"plank","Plank","home","Core","{'groups': [['body-weight']]}"
"russian-twist-plate","Russian Twist (Plate)","home","Core","{'groups': [['weight-plate']]}"
"russian-twist-wedge-feet","Russian Twist (Wedge Feet)","home","Core","{'groups': [['body-weight']]}"
"side-plank-knee-tuck","Side Plank Knee Tuck","home","Core","{'groups': [['suspension-trainer']]}"
"side-plank","Side Plank","home","Core","{'groups': [['body-weight']]}"
"sit-ups-plate","Sit-Ups (Plate)","home","Core","{'groups': [['weight-plate']]}"
"standing-oblique-crunch","Standing Oblique Crunch","home","Core","{'groups': [['dumbbells', 'kettlebells']]}"
"russian-twist","Russian Twist","home","Core","{'groups': [['body-weight']]}"
"v-ups-plate","V-Ups (Plate)","home","Core","{'groups': [['weight-plate']]}"
"crunches-plate","Crunches (Plate)","home","Core","{'groups': [['weight-plate']]}"
"crunches","Crunches","home","Core","{'groups': [['body-weight']]}"
"decline-mountain-climber","Decline Mountain Climber","home","Core","{'groups': [['chair', 'bench']]}"
"front-plank-alternating-knee-tucks","Front Plank — Alternating Knee Tucks","home","Core","{'groups': [['suspension-trainer']]}"
"front-plank-scissors","Front Plank — Scissors","home","Core","{'groups': [['suspension-trainer']]}"
"bear-crawl","Bear Crawl","home","Core","{'groups': [['body-weight']]}"
"flutter-kicks","Flutter Kicks","home","Core","{'groups': [['body-weight']]}"
"hollow-flutter-kicks-kb-or-db","Hollow Flutter Kicks (Kb Or Db)","home","Core","{'groups': [['dumbbells', 'kettlebells']]}"
"hollow-hold","Hollow Hold","home","Core","{'groups': [['body-weight']]}"
"kneeling-woodchoppers-kb-or-db","Kneeling Woodchoppers (Kb Or Db)","home","Core","{'groups': [['dumbbells', 'kettlebells']]}"
"scissors","Scissors","home","Core","{'groups': [['body-weight']]}"
"single-arm-suitcase-march-kb-or-db","Single-Arm Suitcase March (Kb Or Db)","home","Core","{'groups': [['dumbbells', 'kettlebells']]}"
"toe-taps","Toe Taps","home","Core","{'groups': [['body-weight']]}"
"tuck-ups","Tuck-Ups","home","Core","{'groups': [['body-weight']]}"
"barbell-leg-drop","Barbell Leg Drop","home","Core","{'groups': [['barbell']]}"
"barbell-rollout","Barbell Rollout","home","Core","{'groups': [['barbell'], ['weight-plates']]}"
"buzzsaw","Buzzsaw","home","Core","{'groups': [['suspension-trainer']]}"
"jackknives","Jackknives","home","Core","{'groups': [['bench']]}"
"renegade-row","Renegade Row","home","Core","{'groups': [['dumbbell']]}"
"offset-barbell-deadlift","Offset Barbell Deadlift","home","Core","{'groups': [['barbell'], ['weight-plates']]}"
"seated-dumbbell-shoulder-flexion","Seated Dumbbell Shoulder Flexion","gym","Shoulders","{'groups': [['dumbbells'], ['bench']]}"
"shoulder-press-machine-unilateral","Shoulder Press Machine Unilateral","gym","Shoulders","{'groups': [['shoulder-press-machine']]}"
"shoulder-press-machine","Shoulder Press Machine","gym","Shoulders","{'groups': [['shoulder-press-machine']]}"
"standing-dumbbell-overhead-press-neutral-grip","Standing Dumbbell Overhead Press Neutral Grip","gym","Shoulders","{'groups': [['dumbbells']]}"
"standing-dumbbell-overhead-press","Standing Dumbbell Overhead Press","gym","Shoulders","{'groups': [['dumbbells']]}"
"standing-dumbbell-shoulder-abduction","Standing Dumbbell Shoulder Abduction","gym","Shoulders","{'groups': [['dumbbells']]}"
"standing-dumbbell-shoulder-flexion","Standing Dumbbell Shoulder Flexion","gym","Shoulders","{'groups': [['dumbbells']]}"
"standing-shoulder-abduction-machine","Standing Shoulder Abduction Machine","gym","Shoulders","{'groups': [['shoulder-abduction-machine']]}"
"unilateral-dumbbell-shoulder-abduction","Unilateral Dumbbell Shoulder Abduction","gym","Shoulders","{'groups': [['dumbbells']]}"
"unilateral-dumbbell-shoulder-flexion","Unilateral Dumbbell Shoulder Flexion","gym","Shoulders","{'groups': [['dumbbells']]}"
"alternating-dumbbell-shoulder-flexion","Alternating Dumbbell Shoulder Flexion","gym","Shoulders","{'groups': [['dumbbells']]}"
"band-shoulder-abduction-alternating","Band Shoulder Abduction Alternating","gym","Shoulders","{'groups': [['resistance-band']]}"
"band-shoulder-abduction-unilateral","Band Shoulder Abduction Unilateral","gym","Shoulders","{'groups': [['resistance-band']]}"
"band-shoulder-abduction","Band Shoulder Abduction","gym","Shoulders","{'groups': [['resistance-band']]}"
"band-shoulder-flexion-alternating","Band Shoulder Flexion Alternating","gym","Shoulders","{'groups': [['resistance-band']]}"
"band-shoulder-flexion-unilateral","Band Shoulder Flexion Unilateral","gym","Shoulders","{'groups': [['resistance-band']]}"
"band-shoulder-flexion","Band Shoulder Flexion","gym","Shoulders","{'groups': [['resistance-band']]}"
"cable-shoulder-abduction-unilateral","Cable Shoulder Abduction Unilateral","gym","Shoulders","{'groups': [['cable']]}"
"cable-shoulder-abduction","Cable Shoulder Abduction","gym","Shoulders","{'groups': [['cable']]}"
"cable-shoulder-flexion-unilateral","Cable Shoulder Flexion Unilateral","gym","Shoulders","{'groups': [['cable']]}"
"cable-shoulder-flexion","Cable Shoulder Flexion","gym","Shoulders","{'groups': [['cable']]}"
"dumbbell-alternating-overhead-press","Dumbbell Alternating Overhead Press","gym","Shoulders","{'groups': [['dumbbells']]}"
"overhead-press-barbell","Overhead Press (Barbell)","gym","Shoulders","{'groups': [['barbell']]}"
"seated-dumbbell-overhead-press","Seated Dumbbell Overhead Press","gym","Shoulders","{'groups': [['dumbbells'], ['bench']]}"
"seated-dumbbell-overhead-press-neutral-grip","Seated Dumbbell Overhead Press Neutral Grip","gym","Shoulders","{'groups': [['dumbbells'], ['bench']]}"
"seated-dumbbell-shoulder-abduction","Seated Dumbbell Shoulder Abduction","gym","Shoulders","{'groups': [['dumbbells'], ['bench']]}"
"dumbbell-shoulder-abduction","Dumbbell Shoulder Abduction","gym","Shoulders","{'groups': [['dumbbells']]}"
"standing-dumbbell-arnold-press","Standing Dumbbell Arnold Press","gym","Shoulders","{'groups': [['dumbbells']]}"
"seated-dumbbell-arnold-press","Seated Dumbbell Arnold Press","gym","Shoulders","{'groups': [['dumbbells'], ['bench']]}"
"seated-unilateral-dumbbell-biceps-curls","Seated Unilateral Dumbbell Biceps Curls","gym","Arms","{'groups': [['dumbbells'], ['bench']]}"
"seated-unilateral-dumbbell-hammer-curls","Seated Unilateral Dumbbell Hammer Curls","gym","Arms","{'groups': [['dumbbells'], ['bench']]}"
"skull-crusher-barbell","Skull Crusher (Barbell)","gym","Arms","{'groups': [['barbell'], ['bench']]}"
"skull-crusher-ez-bar","Skull Crusher (Ez Bar)","gym","Arms","{'groups': [['ez-bar'], ['bench']]}"
"behind-the-head-cable-triceps-extensions-unilateral","Behind-The-Head Cable Triceps Extensions Unilateral","gym","Arms","{'groups': [['cable']]}"
"behind-the-head-cable-triceps-extensions","Behind-The-Head Cable Triceps Extensions","gym","Arms","{'groups': [['cable']]}"
"biceps-curls-barbell","Biceps Curls (Barbell)","gym","Arms","{'groups': [['barbell']]}"
"biceps-curls-ez-bar","Biceps Curls (Ez Bar)","gym","Arms","{'groups': [['ez-bar']]}"
"cable-biceps-curls-unilateral","Cable Biceps Curls Unilateral","gym","Arms","{'groups': [['cable']]}"
"cable-biceps-curls","Cable Biceps Curls","gym","Arms","{'groups': [['cable']]}"
"cable-hammer-curls-unilateral","Cable Hammer Curls Unilateral","gym","Arms","{'groups': [['cable']]}"
"cable-hammer-curls","Cable Hammer Curls","gym","Arms","{'groups': [['cable']]}"
"cable-triceps-extensions-unilateral","Cable Triceps Extensions Unilateral","gym","Arms","{'groups': [['cable']]}"
"cable-triceps-extensions","Cable Triceps Extensions","gym","Arms","{'groups': [['cable']]}"
"overhand-biceps-curl-ez-bar","Overhand Biceps Curl (Ez Bar)","gym","Arms","{'groups': [['ez-bar']]}"
"overhand-biceps-curls-barbell","Overhand Biceps Curls (Barbell)","gym","Arms","{'groups': [['barbell']]}"
"overhand-cable-biceps-curls","Overhand Cable Biceps Curls","gym","Arms","{'groups': [['cable']]}"
"seated-alternating-dumbbell-biceps-curls","Seated Alternating Dumbbell Biceps Curls","gym","Arms","{'groups': [['dumbbells'], ['bench']]}"
"seated-alternating-dumbbell-hammer-curls","Seated Alternating Dumbbell Hammer Curls","gym","Arms","{'groups': [['dumbbells'], ['bench']]}"
"seated-dumbbell-biceps-curls","Seated Dumbbell Biceps Curls","gym","Arms","{'groups': [['dumbbells'], ['bench']]}"
"seated-dumbbell-hammer-curls","Seated Dumbbell Hammer Curls","gym","Arms","{'groups': [['dumbbells'], ['bench']]}"
"dumbbell-overhand-biceps-curls","Dumbbell Overhand Biceps Curls","gym","Arms","{'groups': [['dumbbells']]}"
"dumbbell-skull-crusher-unilateral","Dumbbell Skull Crusher Unilateral","gym","Arms","{'groups': [['dumbbells'], ['bench']]}"
"dumbbell-skull-crusher","Dumbbell Skull Crusher","gym","Arms","{'groups': [['dumbbells'], ['bench']]}"
"smith-machine-bench-press","Smith Machine Bench Press","gym","Chest","{'groups': [['smith-machine'], ['bench']]}"
"smith-machine-decline-bench-press","Smith Machine Decline Bench Press","gym","Chest","{'groups': [['smith-machine'], ['bench']]}"
"smith-machine-incline-bench-press","Smith Machine Incline Bench Press","gym","Chest","{'groups': [['smith-machine'], ['bench']]}"
"assisted-dips","Assisted Dips","gym","Chest","{'groups': [['dips-machine']]}"
"barbell-bench-press","Barbell Bench Press","gym","Chest","{'groups': [['bench-press']]}"
"cable-chest-fly-unilateral","Cable Chest Fly Unilateral","gym","Chest","{'groups': [['cable']]}"
"cable-chest-fly","Cable Chest Fly","gym","Chest","{'groups': [['cable']]}"
"decline-bench-press-barbell","Decline Bench Press (Barbell)","gym","Chest","{'groups': [['decline-bench-press']]}"
"dumbbell-bench-press","Dumbbell Bench Press","gym","Chest","{'groups': [['dumbbells'], ['bench']]}"
"dumbbell-chest-fly","Dumbbell Chest Fly","gym","Chest","{'groups': [['dumbbells'], ['bench']]}"
"fly-machine","Fly Machine","gym","Chest","{'groups': [['chest-fly-machine']]}"
"incline-bench-press-barbell","Incline Bench Press (Barbell)","gym","Chest","{'groups': [['incline-bench-press']]}"
"incline-chest-press-machine","Incline Chest Press Machine","gym","Chest","{'groups': [['incline-chest-machine']]}"
"push-ups","Push-Ups","gym","Chest","{'groups': [['body-weight']]}"
"dumbbell-decline-bench-press","Dumbbell Decline Bench Press","gym","Chest","{'groups': [['dumbbells'], ['decline-bench']]}"
"dumbbell-incline-benchh-press","Dumbbell Incline Benchh Press","gym","Chest","{'groups': [['dumbbells'], ['bench']]}"
"dumbbell-neutral-grip-bench-press","Dumbbell Neutral Grip Bench Press","gym","Chest","{'groups': [['dumbbells'], ['bench']]}"
"dumbbell-bent-over-reverse-fly","Dumbbell Bent-Over Reverse Fly","gym","Back","{'groups': [['dumbbells']]}"
"dumbbell-prone-reverse-fly","Dumbbell Prone Reverse Fly","gym","Back","{'groups': [['dumbbells'], ['bench']]}"
"trx-rows","Trx Rows","gym","Back","{'groups': [['suspension-trainer']]}"
"unilateral-dumbbell-upright-row","Unilateral Dumbbell Upright Row","gym","Back","{'groups': [['dumbbells']]}"
"upright-row-barbell","Upright Row (Barbell)","gym","Back","{'groups': [['barbell']]}"
"wide-grip-t-bar-cable-row","Wide Grip T-Bar Cable Row","gym","Back","{'groups': [['cable']]}"
"assisted-pull-ups","Assisted Pull-Ups","gym","Back","{'groups': [['pull-up-machine']]}"
"bent-over-row-barbell","Bent-Over Row (Barbell)","gym","Back","{'groups': [['barbell']]}"
"cable-face-pull-down","Cable Face Pull Down","gym","Back","{'groups': [['cable']]}"
"cable-lat-pulldown-neutral-grip","Cable Lat Pulldown Neutral Grip","gym","Back","{'groups': [['cable']]}"
"cable-lat-pulldown-underhand","Cable Lat Pulldown Underhand","gym","Back","{'groups': [['cable']]}"
"cable-lat-pulldown-unilateral","Cable Lat Pulldown Unilateral","gym","Back","{'groups': [['cable']]}"
"cable-lat-pulldown","Cable Lat Pulldown","gym","Back","{'groups': [['cable']]}"
"cable-row-neutral","Cable Row Neutral","gym","Back","{'groups': [['cable']]}"
"cable-row-unilateral","Cable Row Unilateral","gym","Back","{'groups': [['cable']]}"
"cable-row","Cable Row","gym","Back","{'groups': [['cable']]}"
"face-pull-cable","Face Pull (Cable)","gym","Back","{'groups': [['cable']]}"
"gorilla-row-kettlebell-or-dumbbell","Gorilla Row (Kettlebell Or Dumbbell)","gym","Back","{'groups': [['kettlebell', 'dumbbell']]}"
"pendlay-row-barbell","Pendlay Row (Barbell)","gym","Back","{'groups': [['barbell']]}"
"pull-ups","Pull-Ups","gym","Back","{'groups': [['pull-up-bar']]}"
"dumbbell-bent-over-row","Dumbbell Bent-Over Row","gym","Back","{'groups': [['dumbbells']]}"
"dumbbell-prone-row-alternating","Dumbbell Prone Row Alternating","gym","Back","{'groups': [['barbell'], ['bench']]}"
"dumbbell-prone-row","Dumbbell Prone Row","gym","Back","{'groups': [['barbell'], ['bench']]}"
"dumbbell-unilateral-row","Dumbbell Unilateral Row","gym","Back","{'groups': [['dumbbells']]}"
"assisted-chin-ups","Assisted Chin-Ups","gym","Back","{'groups': [['pull-up-machine']]}"
"cable-pullover","Cable Pullover","gym","Back","{'groups': [['cable']]}"
"chin-ups","Chin-Ups","gym","Back","{'groups': [['pull-up-bar']]}"
"prone-angels","Prone Angels","gym","Back","{'groups': [['body-weight']]}"
"banded-horizontal-abduction","Banded Horizontal Abduction","gym","Back","{'groups': [['resistance-band']]}"
"glute-bridge-unilateral","Glute Bridge Unilateral","gym","Legs","{'groups': [['body-weight']]}"
"hamstring-bridge-unilateral","Hamstring Bridge Unilateral","gym","Legs","{'groups': [['body-weight']]}"
"knee-extension-unilateral","Knee Extension Unilateral","gym","Legs","{'groups': [['knee-extension-machine']]}"
"knee-flexion-unilateral","Knee Flexion Unilateral","gym","Legs","{'groups': [['knee-flexion-machine']]}"
"romanian-deadlift-barbell","Romanian Deadlift (Barbell)","gym","Legs","{'groups': [['barbell']]}"
"side-lying-hip-abduction-banded","Side-Lying Hip Abduction (Banded)","gym","Legs","{'groups': [['resistance-band']]}"
"side-lying-hip-abduction","Side-Lying Hip Abduction","gym","Legs","{'groups': [['body-weight']]}"
"smith-machine-split-squat","Smith Machine Split Squat","gym","Legs","{'groups': [['smith-machine']]}"
"smith-machine-squat","Smith Machine Squat","gym","Legs","{'groups': [['smith-machine']]}"
"split-squat-with-impulse-dumbbell","Split Squat With Impulse (Dumbbell)","gym","Legs","{'groups': [['dumbbells']]}"
"standing-calf-raise-machine","Standing Calf Raise Machine","gym","Legs","{'groups': [['calf-raise-machine']]}"
"standing-hip-extension-cable","Standing Hip Extension Cable","gym","Legs","{'groups': [['cable']]}"
"walking-lunges-with-impulse-dumbbell","Walking Lunges With Impulse (Dumbbell)","gym","Legs","{'groups': [['dumbbells']]}"
"zercher-squat","Zercher Squat","gym","Legs","{'groups': [['squat-rack']]}"
"banded-squats","Banded Squats","gym","Legs","{'groups': [['resistance-band']]}"
"barbell-front-squat","Barbell Front Squat","gym","Legs","{'groups': [['squat-rack']]}"
"barbell-split-squat","Barbell Split Squat","gym","Legs","{'groups': [['squat-rack']]}"
"barbell-squat","Barbell Squat","gym","Legs","{'groups': [['squat-rack']]}"
"glute-bridge-isometric-hold-timed","Glute Bridge Isometric Hold (Timed)","gym","Legs","{'groups': [['body-weight']]}"
"glute-bridge-march","Glute Bridge March","gym","Legs","{'groups': [['body-weight']]}"
"glute-bridge","Glute Bridge","gym","Legs","{'groups': [['body-weight']]}"
"goblet-squat-with-impulse","Goblet Squat With Impulse","gym","Legs","{'groups': [['dumbbells']]}"
"hack-squat-machine","Hack Squat Machine","gym","Legs","{'groups': [['hack-squat-machine']]}"
"hamstring-bridge-isometric-hold-timed","Hamstring Bridge Isometric Hold (Timed)","gym","Legs","{'groups': [['body-weight']]}"
"hamstring-bridge","Hamstring Bridge","gym","Legs","{'groups': [['body-weight']]}"
"hanging-leg-raises","Hanging Leg Raises","gym","Legs","{'groups': [['pull-up-bar']]}"
"hip-abduction-cable","Hip Abduction (Cable)","gym","Legs","{'groups': [['cable']]}"
"hip-adduction-cable","Hip Adduction (Cable)","gym","Legs","{'groups': [['cable']]}"
"leg-press","Leg Press","gym","Legs","{'groups': [['leg-press-machine']]}"
"leg-raises","Leg Raises","gym","Legs","{'groups': [['body-weight']]}"
"prisoner-squats","Prisoner Squats","gym","Legs","{'groups': [['body-weight']]}"
"quadruped-kickback-cable","Quadruped Kickback Cable","gym","Legs","{'groups': [['cable']]}"
"seated-calf-raise-machine","Seated Calf Raise Machine","gym","Legs","{'groups': [['seated-calf-raise-machine']]}"
"dumbbel-box-step-up","Dumbbel Box Step-Up","gym","Legs","{'groups': [['dumbbells'], ['bench']]}"
"dumbbell-bulgarian-split-squat","Dumbbell Bulgarian Split Squat","gym","Legs","{'groups': [['dumbbells'], ['bench']]}"
"dumbbell-goblet-squat","Dumbbell Goblet Squat","gym","Legs","{'groups': [['dumbbells']]}"
"dumbbell-hip-thrust","Dumbbell Hip Thrust","gym","Legs","{'groups': [['dumbbells'], ['bench']]}"
"dumbbell-split-squat","Dumbbell Split Squat","gym","Legs","{'groups': [['dumbbells']]}"
"dumbbell-walking-lunges","Dumbbell Walking Lunges","gym","Legs","{'groups': [['dumbbells']]}"
"side-lying-clamshells","Side-Lying Clamshells","gym","Legs","{'groups': [['resistance-band']]}"
"split-stance-rdl-dumbbell","Split Stance Rdl (Dumbbell)","gym","Legs","{'groups': [['dumbbells']]}"
"standing-clamshells","Standing Clamshells","gym","Legs","{'groups': [['resistance-band']]}"
"wall-sits-timed","Wall Sits (Timed)","gym","Legs","{'groups': [['body-weight']]}"
"isometric-hold-timed","Isometric Hold (Timed)","gym","Legs","{'groups': [['body-weight']]}"
"knee-extension-machine","Knee Extension Machine","gym","Legs","{'groups': [['knee-extension-machine']]}"
"knee-flexion-machine","Knee Flexion Machine","gym","Legs","{'groups': [['knee-flexion-machine']]}"
"psoas-march","Psoas March","gym","Legs","{'groups': [['body-weight']]}"
"dumbbell-box-step-down","Dumbbell Box Step-Down","gym","Legs","{'groups': [['dumbbells'], ['bench']]}"
"stiff-leg-deadlift-barbell","Stiff-Leg Deadlift (Barbell)","gym","Legs","{'groups': [['barbell']]}"
"trap-bar-deadlift","Trap Bar Deadlift","gym","Legs","{'groups': [['trap-bar']]}"
"back-extension","Back Extension","gym","Legs","{'groups': [['back-extension-machine']]}"
"barbell-deadlift","Barbell Deadlift","gym","Legs","{'groups': [['barbell']]}"
"side-plank-timed","Side Plank (Timed)","gym","Core","{'groups': [['body-weight']]}"
"sit-ups","Sit-Ups","gym","Core","{'groups': [['body-weight']]}"
"swiss-ball-crunches","Swiss Ball Crunches","gym","Core","{'groups': [['swiss-ball']]}"
"cable-crunches","Cable Crunches","gym","Core","{'groups': [['cable']]}"
"copenhagen-plank-timed","Copenhagen Plank (Timed)","gym","Core","{'groups': [['bench']]}"
"crunches","Crunches","gym","Core","{'groups': [['body-weight']]}"
"plank-timed","Plank (Timed)","gym","Core","{'groups': [['body-weight']]}"
"russian-twist","Russian Twist","gym","Core","{'groups': [['body-weight']]}"
"landmine-oblique-twist","Landmine Oblique Twist","gym","Core","{'groups': [['barbell']]}"
"landmine-anti-rotations","Landmine Anti-Rotations","gym","Core","{'groups': [['barbell']]}"
"standing-cable-torso-rotations","Standing Cable Torso Rotations","gym","Core","{'groups': [['cable']]}"
"superman","Superman","gym","Core","{'groups': [['body-weight']]}"
"alternating-superman","Alternating Superman","gym","Core","{'groups': [['body-weight']]}"
"kneeling-cable-torso-rotations","Kneeling Cable Torso Rotations","gym","Core","{'groups': [['cable']]}"
"kneeling-one-leg-cable-torso-rotations","Kneeling One-Leg Cable Torso Rotations","gym","Core","{'groups': [['cable']]}"
